query_pmid,top1_pmid,top1_dice,top2_pmid,top2_dice,top3_pmid,top3_dice,worst_pmid,worst_dice
19018317,34721001,0.214451,35401094,0.189186,35132408,0.172059,32642931,0.0
19479053,29795642,0.503904,23710371,0.373115,27708610,0.348879,32642931,0.0
19572020,37015869,0.233688,26180778,0.217658,27992533,0.213004,30770788,0.0
19668699,25793765,0.190312,24278150,0.177171,34898646,0.173653,32642931,0.0
19710635,36551944,0.221151,28551777,0.209721,24058350,0.206007,32642931,0.0
19754932,34220322,0.195517,33118931,0.187409,32973642,0.182322,32642931,0.0
19949484,36087119,0.31221,28690501,0.238761,32528262,0.235191,32642931,0.0
20360963,26373380,0.222032,32567365,0.184128,35308883,0.183561,32642931,0.0
20368976,27909005,0.0,31174338,0.0,34474318,0.0,30770788,0.0
20461148,28690501,0.279062,34984762,0.258778,31096180,0.243512,36676068,0.0
20559545,28551777,0.276611,31346001,0.253103,33530043,0.23712,30679738,0.0
20877426,23715092,0.265507,26180778,0.260148,34492032,0.240834,32642931,0.0
21151373,36551944,0.203632,33530043,0.18969,37475742,0.17478,31920484,0.0
21152341,23999082,0.225812,31920587,0.199089,36635220,0.197384,32642931,0.0
21347218,35325839,0.304462,31785530,0.270992,22936472,0.24485,32642931,0.0
21390219,29795642,0.321745,19479053,0.309193,30705642,0.232764,32642931,0.0
21448435,26124712,0.24326,34962111,0.218851,26104102,0.208257,32642931,0.0
21686319,22053153,0.227735,28551777,0.226566,35477020,0.219259,36711210,0.0
21936740,31854024,0.243645,34394339,0.196272,31501442,0.183512,32642931,0.0
22053153,35477020,0.269717,34349186,0.268745,34394339,0.26813,32642931,0.0
22131965,32378710,0.278602,30294257,0.251995,36845415,0.25,32642931,0.0
22144982,36935917,0.26742,33615612,0.258799,36009093,0.254956,34689151,0.0
22174802,34617016,0.400899,36371438,0.331717,19479053,0.284646,32642931,0.0
22403524,32761343,0.224829,35259524,0.192936,34231944,0.183008,35136959,0.0
22470337,34959050,0.275857,37176617,0.265198,35477020,0.261616,35967898,0.0
22529908,33806837,0.226233,34761123,0.21812,32665756,0.162946,32642931,0.0
22738335,31022978,0.302363,37151844,0.285524,33976383,0.242844,35136959,0.0
22936472,21347218,0.24485,35580840,0.23802,29311859,0.235031,32642931,0.0
22997054,25767441,0.20134,29330483,0.196344,30816252,0.19549,32642931,0.0
23028653,26397824,0.299894,26090679,0.261497,36081664,0.155065,30770788,0.0
23119088,31747689,0.343394,29934941,0.282609,32936989,0.280331,30770788,0.0
23144799,34413723,0.3596,30596801,0.311728,33395956,0.285207,32642931,0.0
23189049,29934675,0.242321,26867499,0.233833,26177270,0.231947,32642931,0.0
23209761,33569254,0.351633,27302746,0.284455,30079017,0.270318,30770788,0.0
23284706,37165097,0.173999,30787863,0.16974,28981541,0.150519,32642931,0.0
23316178,26177270,0.256847,37190541,0.224157,24789812,0.211243,32642931,0.0
23322456,37576018,0.322861,34103606,0.294758,32440590,0.292593,30294257,0.0
23437205,31408088,0.247772,32362844,0.186424,30367110,0.183818,30294257,0.0
23444053,31795057,0.243408,32351412,0.242817,36291212,0.231769,32642931,0.0
23565102,29208951,0.238585,33061894,0.221525,31785530,0.206329,32642931,0.0
23570420,36371438,0.255787,35069409,0.185355,34356181,0.177388,30770788,0.0
23638181,25339893,0.297533,31156452,0.250607,34573269,0.221307,32642931,0.0
23646178,37032830,0.237422,32378710,0.197214,32642931,0.165011,36935917,0.0
23710371,19479053,0.373115,37008224,0.200481,29795642,0.171331,32642931,0.0
23715092,24009565,0.300917,31164996,0.281129,20877426,0.265507,32642931,0.0
23717628,29312029,0.324888,31128318,0.219747,33615612,0.21667,32642931,0.0
23840505,33633528,0.330669,33094125,0.234013,31314786,0.226209,32642931,0.0
23853676,33216127,0.180449,37303301,0.174423,32247196,0.170692,33938163,0.0
23936082,33551779,0.204489,33071928,0.197519,33806837,0.179719,32642931,0.0
23967150,29578488,0.222222,34160037,0.211842,28165888,0.206397,32642931,0.0
23999082,31920587,0.659756,34408637,0.392376,28912675,0.333922,32642931,0.0
24009565,23715092,0.300917,28210930,0.275187,32292332,0.207695,32642931,0.0
24040309,31408088,0.173423,27218420,0.171799,37521699,0.165959,36676068,0.0
24058350,35477020,0.267734,29462481,0.255057,22053153,0.243387,32642931,0.0
24278150,33617124,0.283505,26793136,0.250182,30679738,0.232598,32642931,0.0
24319433,35701598,0.1932,33769661,0.183639,28291839,0.163289,35136959,0.0
24600224,28522971,0.269473,35480997,0.213749,30147649,0.18034,32642931,0.0
24672481,32936989,0.235594,31011061,0.16937,34827484,0.162818,30294257,0.0
24789812,23316178,0.211243,33841130,0.175373,35046525,0.163383,30770788,0.0
24888510,28071765,0.232452,34469847,0.199733,36968234,0.192737,26403064,0.0
25079070,30553761,0.230846,36819220,0.207158,33761000,0.192576,32642931,0.0
25221495,33615612,0.205239,35079026,0.186532,27630558,0.168055,30770788,0.0
25310815,23144799,0.209107,28985422,0.201939,31096180,0.187842,32642931,0.0
25339893,23638181,0.297533,31156452,0.242766,28551777,0.221848,32642931,0.0
25340398,29902208,0.320887,28848423,0.262435,30319377,0.249073,30770788,0.0
25393961,30878612,0.306633,31501448,0.270723,30705642,0.237066,32642931,0.0
25479196,34680538,0.17313,29372058,0.166456,35731447,0.142622,32642931,0.0
25520636,30101060,0.207587,32937445,0.186606,32435739,0.175311,32642931,0.0
25538649,31785530,0.258597,34899156,0.203604,33424663,0.192089,36676068,0.0
25685704,34060682,0.234383,36238945,0.174291,31690806,0.171656,29487374,0.0
25756991,30528958,0.197938,25393961,0.179461,31931900,0.166947,32642931,0.0
25762915,36516729,0.312105,33245196,0.292085,31156452,0.266961,32642931,0.0
25767441,35686464,0.265761,37396772,0.230076,23638181,0.21524,32642931,0.0
25793765,31662425,0.353224,32927083,0.224643,33554463,0.194746,32642931,0.0
25826300,31680931,0.246575,35580840,0.226175,22936472,0.214921,32642931,0.0
25852510,37190659,0.221647,34413723,0.18932,36816115,0.177729,32642931,0.0
25852529,36970269,0.207908,33776671,0.200022,34072444,0.195278,32642931,0.0
25883561,32351412,0.293858,33684729,0.22555,34328676,0.195884,32642931,0.0
25992711,33938163,0.178692,26403064,0.159491,37025422,0.155899,32642931,0.0
26030417,32499585,0.20744,35477020,0.195391,29462481,0.189332,32642931,0.0
26061655,34984762,0.181386,36726504,0.174033,29375431,0.171958,32642931,0.0
26074803,34394339,0.222556,30662455,0.20786,33530043,0.2054,32642931,0.0
26090679,26397824,0.282203,23028653,0.261497,30596801,0.081032,30770788,0.0
26104102,31506704,0.351342,33463879,0.2762,34244809,0.256025,32642931,0.0
26124712,34962111,0.356457,37190659,0.277508,21448435,0.24326,32642931,0.0
26175679,34526922,0.216346,23715092,0.190525,31572296,0.181528,32642931,0.0
26177270,29934675,0.368288,33270131,0.312787,23316178,0.256847,36312016,0.0
26180778,20877426,0.260148,19572020,0.217658,30425664,0.193488,32642931,0.0
26270627,35477020,0.215522,36009093,0.194305,36935917,0.19309,34019590,0.0
26347127,36733415,0.18316,29448128,0.159528,31920484,0.15038,33938163,0.0
26352145,34617016,0.315335,32351412,0.287752,34918164,0.215907,32642931,0.0
26373380,32253455,0.234081,20360963,0.222032,34019590,0.208999,32642931,0.0
26390294,30467392,0.20119,30235214,0.193706,28451633,0.181719,30878612,0.0
26397824,23028653,0.299894,26090679,0.282203,32253455,0.213453,32642931,0.0
26403064,26104102,0.193747,21448435,0.190497,36238945,0.171524,33938163,0.0
26500517,31507522,0.215009,34220425,0.210261,31680921,0.198871,32642931,0.0
26635679,31634356,0.246855,31022978,0.231018,35710854,0.20893,32642931,0.0
26690067,35836836,0.215255,30085308,0.160523,31720106,0.157611,32642931,0.0
26696871,34984762,0.310633,34899252,0.269229,20461148,0.220239,32642931,0.0
26793136,24278150,0.250182,34918164,0.247857,32638450,0.227912,32642931,0.0
26867499,31700004,0.284448,33472829,0.258774,37028931,0.255253,32642931,0.0
26937384,31849777,0.240604,37009110,0.170487,30555308,0.162859,32642931,0.0
26941692,35022447,0.246299,28551777,0.182031,32253455,0.180994,36158310,0.0
27064684,31555110,0.199534,36072890,0.173511,34959050,0.172103,36676068,0.0
27089992,34591838,0.206034,29487374,0.200952,31824298,0.164337,32642931,0.0
27091494,31595015,0.17928,34366804,0.159595,29578488,0.143648,32642931,0.0
27218420,23840505,0.199288,35607841,0.196675,37247471,0.194832,32642931,0.0
27242465,35079026,0.235516,31662425,0.227027,33118931,0.197855,32642931,0.0
27242492,34060682,0.270322,31507522,0.201046,35103356,0.198193,32642931,0.0
27302746,29231140,0.293481,23209761,0.284455,30079017,0.279633,32642931,0.0
27375461,25339893,0.193018,30941010,0.184608,28551777,0.179299,36158310,0.0
27378987,33551779,0.236387,36816124,0.178431,34464856,0.174468,30770788,0.0
27403426,31408088,0.271748,33826184,0.21385,34163319,0.194701,30770788,0.0
27414048,35641787,0.249815,29312029,0.200388,30718676,0.198026,32642931,0.0
27443852,25826300,0.199178,28670270,0.169143,35580840,0.166512,30294257,0.0
27445764,36479042,0.261536,31856703,0.259817,34069930,0.201815,30770788,0.0
27449913,31022978,0.299692,29021956,0.233947,32638450,0.210842,32642931,0.0
27536225,22470337,0.253191,32638450,0.239616,33064332,0.218993,35057421,0.0
27630558,23999082,0.197768,35518207,0.193175,28464508,0.193108,30770788,0.0
27694955,36256642,0.247496,34335172,0.224398,31993008,0.209704,32642931,0.0
27706215,31022978,0.281907,36819220,0.215005,29021956,0.209457,36158310,0.0
27708610,19479053,0.348879,29795642,0.330183,35873771,0.253252,32642931,0.0
27729858,32631032,0.196893,35136959,0.188198,36816115,0.185143,32642931,0.0
27799898,35631206,0.165711,37008224,0.149252,36053718,0.141531,29487374,0.0
27833548,37303301,0.171983,35879595,0.161835,30467392,0.161514,32642931,0.0
27909005,34351976,0.225629,35935423,0.195655,28650994,0.190801,32642931,0.0
27936219,35463927,0.334716,34469847,0.231348,36208547,0.187383,32642931,0.0
27992533,19572020,0.213004,30596801,0.205642,30085308,0.202273,32642931,0.0
28066207,28210930,0.203048,24009565,0.191453,31506704,0.181287,32642931,0.0
28071765,31620075,0.235848,24888510,0.232452,35987909,0.200577,32642931,0.0
28072415,36516729,0.274053,25762915,0.263302,28464508,0.256219,32642931,0.0
28100830,31219633,0.15844,33216427,0.154519,30294257,0.153392,32642931,0.0
28101012,36804686,0.229158,34984762,0.184665,29326612,0.179989,32642931,0.0
28119599,34959050,0.264012,35477020,0.237474,33064332,0.231848,32642931,0.0
28165888,33216427,0.226424,29326612,0.221102,23967150,0.206397,32642931,0.0
28207832,35692562,0.189823,33716689,0.120729,29662444,0.115734,30770788,0.0
28210930,33216427,0.407715,24009565,0.275187,30239920,0.256287,32642931,0.0
28268177,37328507,0.267406,29231140,0.210495,23999082,0.206906,32642931,0.0
28291839,31022978,0.173944,33769661,0.167256,24319433,0.163289,32642931,0.0
28332557,30319395,0.259484,32510342,0.244648,36062153,0.205789,30770788,0.0
28341847,30528958,0.251503,29970984,0.186573,35463927,0.182879,32642931,0.0
28365777,33938163,0.523955,37182459,0.245564,32021831,0.226934,30770788,0.0
28374005,36331125,0.225404,30842744,0.221534,35477020,0.219817,32642931,0.0
28451633,30991617,0.231246,36238945,0.211577,35573287,0.208743,33938163,0.0
28464029,32760245,0.237845,34942902,0.223523,36605827,0.217732,32642931,0.0
28464508,28072415,0.256219,29448128,0.250846,20877426,0.236711,36312016,0.0
28505380,34394339,0.231973,34899252,0.223107,22053153,0.213099,32642931,0.0
28522971,24600224,0.269473,29086502,0.210186,35928018,0.203505,32642931,0.0
28551777,35022447,0.386596,34394339,0.32522,33530043,0.309363,32642931,0.0
28575506,32320431,0.166322,36251766,0.156838,27992533,0.15433,32642931,0.0
28588477,32253455,0.289587,34573269,0.181754,35344258,0.173879,33938163,0.0
28596732,31785530,0.218148,29208951,0.210503,30083136,0.17656,30294257,0.0
28650994,29448128,0.258078,23715092,0.191336,27909005,0.190801,30770788,0.0
28670270,36238945,0.210717,32309893,0.203761,31571320,0.197167,32642931,0.0
28690501,32528262,0.295055,20461148,0.279062,30662455,0.274423,32642931,0.0
28729830,29618118,0.220586,33615612,0.202561,34899252,0.198481,32642931,0.0
28740242,29372058,0.376621,35280297,0.242599,36313089,0.238196,32642931,0.0
28790831,35548890,0.211984,30878612,0.201006,32739867,0.173784,32642931,0.0
28824360,36138899,0.173793,37034753,0.1598,31920587,0.155929,32642931,0.0
28824403,34916583,0.198801,36551944,0.194217,31865022,0.189908,32642931,0.0
28828207,29021956,0.200898,36935917,0.188139,36386969,0.180351,32642931,0.0
28845309,31139470,0.214772,23189049,0.182083,37165097,0.171346,32642931,0.0
28848423,25340398,0.262435,29231140,0.233092,29845006,0.208282,32642931,0.0
28855582,37077276,0.230476,37015869,0.218123,19572020,0.206998,32642931,0.0
28860557,34585141,0.170211,31993656,0.163151,34680538,0.158818,29487374,0.0
28865406,23999082,0.233905,36256642,0.230453,31920587,0.215651,32642931,0.0
28910390,35319666,0.168956,33806837,0.160266,33587931,0.156254,32642931,0.0
28912675,23999082,0.333922,32631032,0.31107,34408637,0.300274,32642931,0.0
28971003,29527179,0.229233,30131582,0.229214,33118931,0.227024,32642931,0.0
28971011,32936989,0.202811,34541537,0.180684,33371101,0.167604,33938163,0.0
28981541,29765312,0.225911,33463879,0.210795,30397584,0.209444,33938163,0.0
28981837,30662455,0.207536,30056292,0.206819,37176617,0.202795,32642931,0.0
28983280,31022978,0.202263,22738335,0.197415,31346001,0.190397,32642931,0.0
28985373,35592157,0.322738,34220425,0.254165,31680921,0.235359,32642931,0.0
28985422,29845006,0.267075,34413723,0.251943,36413209,0.22661,32642931,0.0
29021739,22053153,0.217147,35477020,0.197396,26793136,0.196854,32642931,0.0
29021956,31022978,0.287446,28210930,0.255532,27449913,0.233947,32642931,0.0
29038494,28072415,0.208999,35477020,0.195105,34349186,0.187176,33938163,0.0
29052307,35290856,0.24311,36479042,0.167795,34591838,0.144741,26403064,0.0
29062688,24058350,0.154517,28551777,0.15292,28071765,0.152422,32642931,0.0
29070901,30487740,0.247172,31507522,0.204275,35012965,0.197364,32642931,0.0
29075575,34689151,0.232381,34793955,0.224287,32339825,0.212868,30770788,0.0
29086502,32194456,0.220836,32638450,0.218256,28522971,0.210186,32642931,0.0
29093693,35176493,0.260376,32309893,0.239141,26867499,0.213266,32642931,0.0
29097734,30909026,0.198121,34474316,0.196793,37190659,0.190393,32642931,0.0
29112719,36248695,0.240091,34975714,0.2166,34328676,0.212649,32642931,0.0
29137445,34421526,0.17053,34461433,0.152786,26061655,0.147683,32642931,0.0
29149326,33216427,0.232029,35480997,0.2267,37253028,0.212537,32642931,0.0
29159058,36596589,0.174706,32528262,0.166089,32661345,0.154495,32642931,0.0
29163133,35996417,0.188677,35607841,0.176205,30631267,0.151375,36158310,0.0
29167455,34655096,0.181828,36844653,0.174647,36289366,0.170646,32642931,0.0
29203803,34220425,0.23839,29208951,0.228186,25340398,0.215489,30770788,0.0
29208951,34899156,0.500381,31785530,0.370796,33615612,0.264979,32642931,0.0
29209202,35692562,0.212711,29662444,0.176766,29755374,0.165376,32642931,0.0
29222423,32449559,0.171894,31244636,0.169398,32878626,0.168293,32642931,0.0
29228027,32091109,0.175505,28845309,0.16647,27536225,0.162356,32642931,0.0
29231140,33688288,0.296774,33569254,0.296612,27302746,0.293481,32642931,0.0
29249945,36935917,0.229307,33530043,0.22418,19710635,0.203791,32642931,0.0
29255411,31072956,0.222708,24009565,0.197827,28210930,0.188261,32642931,0.0
29280306,29631546,0.204307,30834624,0.19103,28451633,0.1839,36312016,0.0
29291986,30564107,0.253903,31506704,0.252667,26867499,0.212946,32642931,0.0
29311859,30293517,0.533221,36711210,0.488201,30909026,0.335795,30770788,0.0
29312029,23717628,0.324888,31662425,0.321826,34406637,0.21543,32642931,0.0
29317746,36669352,0.179514,35641787,0.149134,36960197,0.146184,32642931,0.0
29326612,22174802,0.224791,28165888,0.221102,35103356,0.203824,32642931,0.0
29330483,33395999,0.291303,32761343,0.247702,30555308,0.239617,36312016,0.0
29339771,34955950,0.28482,36163225,0.207718,34394339,0.202603,32642931,0.0
29348485,30596801,0.202836,30728803,0.1637,36804686,0.162025,32642931,0.0
29352127,31408088,0.204846,31600020,0.188408,33395999,0.183708,30294257,0.0
29365199,36935917,0.211408,32848662,0.187713,35259524,0.183544,36312016,0.0
29367402,31620075,0.207455,35384549,0.180634,35046525,0.176281,32642931,0.0
29372058,28740242,0.376621,30909026,0.248778,35280297,0.222074,32642931,0.0
29375431,34850226,0.204843,24058350,0.180011,34894615,0.179913,32642931,0.0
29385622,31607851,0.210403,28985373,0.193941,35046525,0.188402,32642931,0.0
29416508,33270131,0.20825,33472829,0.179894,30425664,0.166869,30294257,0.0
29445098,31176833,0.282484,33761000,0.187045,35401094,0.172506,32642931,0.0
29448128,28650994,0.258078,28464508,0.250846,28210930,0.234309,32642931,0.0
29449657,29487374,0.277074,32351412,0.275323,35709185,0.246416,32642931,0.0
29462481,24058350,0.255057,35477020,0.22952,22470337,0.203862,35664438,0.0
29477839,33145398,0.320264,29795642,0.247658,34793955,0.212244,32642931,0.0
29487374,35709185,0.407222,32351412,0.351828,29449657,0.277074,32642931,0.0
29511859,32761343,0.245986,36238945,0.223436,28072415,0.199901,34019590,0.0
29518712,28072415,0.248877,31633061,0.247775,36516729,0.246189,32642931,0.0
29527179,31700004,0.284884,30131582,0.25774,28971003,0.229233,32642931,0.0
29527474,32820847,0.191782,33090584,0.179732,33472829,0.169183,32642931,0.0
29548900,35996417,0.14865,30528958,0.143397,37165097,0.143231,26403064,0.0
29568690,29330483,0.215092,31617662,0.196898,34569931,0.17753,32642931,0.0
29578488,23967150,0.222222,19572020,0.191286,27403426,0.186512,32642931,0.0
29618118,28729830,0.220586,32091958,0.190756,34394339,0.178386,32642931,0.0
29631546,36331125,0.253457,33395999,0.223913,34787788,0.209412,33938163,0.0
29632387,31856703,0.213361,31507522,0.168097,23967150,0.161437,32642931,0.0
29651014,31506704,0.208755,37148709,0.191571,29291986,0.173654,32642931,0.0
29662444,35692562,0.324186,35132408,0.286879,36816124,0.26652,30770788,0.0
29666588,34220433,0.210156,29767792,0.193222,26635679,0.190119,32642931,0.0
29672547,33773165,0.164009,28729830,0.157384,36716655,0.148782,32642931,0.0
29731712,34959050,0.202003,34894615,0.193191,36256642,0.185708,32642931,0.0
29742133,31022978,0.228053,29021956,0.213597,29857719,0.204548,36158310,0.0
29754151,32910516,0.205029,37009110,0.173194,32936989,0.172426,36312016,0.0
29755374,30546047,0.190437,31489136,0.166617,29209202,0.165376,32642931,0.0
29765312,32830988,0.441693,31680921,0.352751,34335172,0.297864,32642931,0.0
29767792,31501442,0.230262,31700004,0.199593,31920587,0.197899,32642931,0.0
29789504,26867499,0.217939,31642167,0.207786,31690806,0.194317,32642931,0.0
29795642,19479053,0.503904,27708610,0.330183,21390219,0.321745,32642931,0.0
29845006,34899252,0.276731,28985422,0.267075,28551777,0.265961,32642931,0.0
29850990,34573183,0.242852,30319377,0.18663,36208547,0.182419,32642931,0.0
29853841,33938163,0.188412,31680141,0.153513,31720106,0.150803,32642931,0.0
29853853,36935917,0.23564,32065445,0.217005,32761343,0.208815,35136959,0.0
29857719,32638450,0.212837,29742133,0.204548,36009093,0.200729,32642931,0.0
29867402,36935917,0.298296,36009093,0.268266,31690806,0.221393,32642931,0.0
29867534,31654233,0.198643,32021831,0.186773,34899211,0.178117,32642931,0.0
29868444,30294257,0.266699,23715092,0.256146,37009454,0.17964,32642931,0.0
29875645,35692562,0.308725,36371438,0.228922,35722559,0.223762,32642931,0.0
29897049,26867499,0.189622,35930925,0.182176,30753654,0.161319,32642931,0.0
29902208,34918164,0.376365,25340398,0.320887,31680141,0.2905,30770788,0.0
29907813,36516729,0.189488,28072415,0.169834,31690806,0.16241,36312016,0.0
29920981,34959050,0.212679,36551944,0.190495,30445473,0.190152,23715092,0.0
29922151,31824298,0.286617,34356181,0.236425,23840505,0.223561,32642931,0.0
29934675,26177270,0.368288,31633061,0.294101,23189049,0.242321,36312016,0.0
29934941,23119088,0.282609,35884662,0.27062,31747689,0.225248,30770788,0.0
29942267,31700004,0.258512,31507522,0.250233,26867499,0.208368,30294257,0.0
29967435,33587931,0.232872,33806837,0.199646,36325532,0.198501,32642931,0.0
29970984,33395999,0.192868,28341847,0.186573,32910516,0.182139,32642931,0.0
29971249,30662455,0.212479,34439601,0.198689,36910761,0.193465,35136959,0.0
29982823,30555308,0.178754,31680823,0.175932,35325839,0.173961,32642931,0.0
29988531,35143020,0.25367,35057421,0.177899,31680823,0.163116,33938163,0.0
30005610,31507522,0.173989,34959050,0.173523,28981837,0.168541,32642931,0.0
30013595,36935917,0.210694,29853853,0.199464,31700004,0.199231,36312016,0.0
30020566,33897388,0.254824,31654233,0.221001,34984762,0.209792,32642931,0.0
30023170,35068468,0.234418,30500854,0.211501,29742133,0.202693,30319395,0.0
30056292,37176617,0.494309,35418832,0.485596,31795057,0.406139,32642931,0.0
30079017,36276607,0.465512,35580840,0.338838,27302746,0.279633,32642931,0.0
30083136,34793955,0.238203,30294257,0.225675,34643738,0.190224,32642931,0.0
30085308,35012965,0.238893,19572020,0.210221,27992533,0.202273,30770788,0.0
30093856,37475742,0.2186,33746829,0.169743,29249945,0.168763,32642931,0.0
30094167,33530043,0.249052,33064332,0.238173,36819220,0.21828,32642931,0.0
30101060,25520636,0.207587,32163162,0.18838,31690806,0.183814,32642931,0.0
30104338,37303301,0.313136,35873771,0.221179,34793955,0.205974,32642931,0.0
30131582,29527179,0.25774,28971003,0.229214,31700004,0.195383,32642931,0.0
30140207,35687994,0.197001,34276347,0.19372,34761749,0.188433,26403064,0.0
30147649,37077276,0.220601,34526922,0.200207,34231944,0.192665,32642931,0.0
30186210,33216427,0.339366,34955950,0.240589,31346001,0.216339,32642931,0.0
30202991,21390219,0.207437,19479053,0.202969,30878612,0.199965,32642931,0.0
30210369,31634356,0.209082,29093693,0.19365,33277955,0.188856,32642931,0.0
30235214,31022978,0.254965,32243055,0.244391,36516729,0.229703,32642931,0.0
30239920,28210930,0.256287,32734299,0.247191,31506704,0.236945,32642931,0.0
30260258,31680921,0.217566,34569931,0.19625,35930925,0.189924,32642931,0.0
30278046,37265465,0.267363,34461433,0.25,34975714,0.240849,32642931,0.0
30293517,29311859,0.533221,36711210,0.420943,34924926,0.286968,30770788,0.0
30294257,29868444,0.266699,34793955,0.259837,22131965,0.251995,32642931,0.0
30300341,36009093,0.227728,30662455,0.209188,22144982,0.197137,32642931,0.0
30319377,34918164,0.340942,34573183,0.326711,25340398,0.249073,32642931,0.0
30319395,32510342,0.263233,37388634,0.26087,28332557,0.259484,30770788,0.0
30350411,31096180,0.183697,34276447,0.172884,34751480,0.170764,32642931,0.0
30361295,34617016,0.226523,33060709,0.185046,22174802,0.180979,32642931,0.0
30367110,34617016,0.243981,32362844,0.187819,23437205,0.183818,32642931,0.0
30371903,32638450,0.214791,33245196,0.206846,28072415,0.20321,32642931,0.0
30377073,36238945,0.180752,25762915,0.177414,26104102,0.172764,34019590,0.0
30397584,34231944,0.237564,32065445,0.229764,35259524,0.224651,32642931,0.0
30405375,35345545,0.267565,34751480,0.210132,36440757,0.176893,32642931,0.0
30425664,26180778,0.193488,30085308,0.167723,29416508,0.166869,32642931,0.0
30425820,35987909,0.147903,30487740,0.147694,33976228,0.147667,36312016,0.0
30445473,31785530,0.227729,22144982,0.227621,35022447,0.22117,32642931,0.0
30445718,31156452,0.219176,25767441,0.191927,33773241,0.185168,32642931,0.0
30467392,36238945,0.247339,31690806,0.201796,26390294,0.20119,35136959,0.0
30477561,32173410,0.223055,32878626,0.204675,23715092,0.169073,32642931,0.0
30487740,29070901,0.247172,31507522,0.223024,33472829,0.209996,32642931,0.0
30500854,34899211,0.287154,36009093,0.257455,35990591,0.250285,33938163,0.0
30524515,35329804,0.18357,20877426,0.176321,34526922,0.167809,32642931,0.0
30528958,30878612,0.388043,28341847,0.251503,35463927,0.247568,32642931,0.0
30528960,31920587,0.206638,23999082,0.204102,33090584,0.187312,36312016,0.0
30532700,29845006,0.240322,34394339,0.223326,33216427,0.216025,32642931,0.0
30546047,35518207,0.231392,31747689,0.222753,30679738,0.192028,32642931,0.0
30553761,25079070,0.230846,31022978,0.197701,27706215,0.193465,32642931,0.0
30555308,32528262,0.290718,34394339,0.286158,33530043,0.256546,32642931,0.0
30564107,29291986,0.253903,31506704,0.236097,33633528,0.234278,32642931,0.0
30572953,36009093,0.193455,32936989,0.172453,36635220,0.157669,36312016,0.0
30596801,32931066,0.354963,23144799,0.311728,32378710,0.298364,32642931,0.0
30612063,33064332,0.196969,33245196,0.190847,30555308,0.181225,32642931,0.0
30612937,34349186,0.191029,33024081,0.18864,33064332,0.186368,32642931,0.0
30627108,32954402,0.190315,31673061,0.189989,34918164,0.159689,32642931,0.0
30631267,22053153,0.229743,33064332,0.202016,31022978,0.187263,30319395,0.0
30640928,34975714,0.472628,32716854,0.463838,36248695,0.428783,32642931,0.0
30648349,35281511,0.155587,34512236,0.154479,34122313,0.151787,32642931,0.0
30654778,27708610,0.228149,35873771,0.205613,29795642,0.190142,32642931,0.0
30659515,34955950,0.251591,27302746,0.214889,31379543,0.205668,32642931,0.0
30662455,36602295,0.302991,33897388,0.299627,28690501,0.274423,32642931,0.0
30669009,34354663,0.231265,34787788,0.181635,36509982,0.177147,32642931,0.0
30679738,32931066,0.329198,32716854,0.313669,30778319,0.28381,32642931,0.0
30685701,29902208,0.270873,34918164,0.200452,25340398,0.189274,32642931,0.0
30705642,33145398,0.278248,25393961,0.237066,21390219,0.232764,32642931,0.0
30716610,32609778,0.205765,31568681,0.205721,31633061,0.203437,35664438,0.0
30717827,33423129,0.186536,22174802,0.184498,35709185,0.164089,32642931,0.0
30718676,27414048,0.198026,30947247,0.171738,33554463,0.164458,32642931,0.0
30718701,34899211,0.209081,34573269,0.198869,30596801,0.189558,32642931,0.0
30728803,34394339,0.231935,34439601,0.230508,36602295,0.215754,36605827,0.0
30730551,33225980,0.192941,33777908,0.186381,30294257,0.179367,32642931,0.0
30738373,29021956,0.176187,28210930,0.171822,28072415,0.163475,32642931,0.0
30753654,34351976,0.266086,29765312,0.226171,31785530,0.22295,32642931,0.0
30770788,28983280,0.175843,32309893,0.172604,35990591,0.151797,32642931,0.0
30778319,30679738,0.28381,32716854,0.265207,34975714,0.251129,32642931,0.0
30787863,32638450,0.262121,31634356,0.205678,30834624,0.188429,29487374,0.0
30793074,36331125,0.202661,31128318,0.1886,36726504,0.188553,32642931,0.0
30816252,35928018,0.235494,35103356,0.222531,29765312,0.221249,32642931,0.0
30834624,31022978,0.225049,31634356,0.219592,34965579,0.20742,36312016,0.0
30837825,35136959,0.214847,36859555,0.193611,30500854,0.167126,32642931,0.0
30842744,28374005,0.221534,33395999,0.210496,34349632,0.202728,36676068,0.0
30863288,33777908,0.239051,31633061,0.180416,31568681,0.173245,32642931,0.0
30870734,33777908,0.175775,31536496,0.1733,29857719,0.167039,32642931,0.0
30878612,30528958,0.388043,31501448,0.355159,25393961,0.306633,32642931,0.0
30884216,33533985,0.258436,35477020,0.248981,34959050,0.238327,32642931,0.0
30886589,28464029,0.206007,35087195,0.180668,28341847,0.177351,32642931,0.0
30909026,29311859,0.335795,28912675,0.278421,29372058,0.248778,32642931,0.0
30925383,33777908,0.204801,34899211,0.191009,30596801,0.169564,33938163,0.0
30941010,35880231,0.186139,27375461,0.184608,37182459,0.172572,36312016,0.0
30947247,33192967,0.353201,35999489,0.341933,31690806,0.312352,32642931,0.0
30991617,35477020,0.248815,25762915,0.247329,33064332,0.246019,32642931,0.0
31011061,32936989,0.313913,32525273,0.2754,31680823,0.206518,36312016,0.0
31022978,32638450,0.314228,22738335,0.302363,27449913,0.299692,32642931,0.0
31072956,23715092,0.243856,32292332,0.243587,35727357,0.224229,32642931,0.0
31080911,25762915,0.196624,36516729,0.176517,24058350,0.173049,34689151,0.0
31096180,36807960,0.264637,28551777,0.264578,36602295,0.260961,32642931,0.0
31128318,32021831,0.321861,33395999,0.25817,33938163,0.249089,32642931,0.0
31132452,34573269,0.264249,32661345,0.263559,36389065,0.254926,32642931,0.0
31133820,29330483,0.161597,35749379,0.152195,29021956,0.143379,32642931,0.0
31139470,31654233,0.216434,33061894,0.214778,28845309,0.214772,32642931,0.0
31156452,28551777,0.273566,25762915,0.266961,23638181,0.250607,32642931,0.0
31158692,28551777,0.267633,33530043,0.248317,28690501,0.246778,32642931,0.0
31164996,23715092,0.281129,20877426,0.223839,26635679,0.199876,32642931,0.0
31173586,34019590,0.590106,32954402,0.436085,34617016,0.266295,30770788,0.0
31174338,36386969,0.205733,23715092,0.204601,36738332,0.187679,32642931,0.0
31176833,34987355,0.33508,29445098,0.282484,33761000,0.279132,30770788,0.0
31190839,36804686,0.2029,37365237,0.19236,22738335,0.177396,32642931,0.0
31191278,36238945,0.209188,21686319,0.196945,36427258,0.196619,32642931,0.0
31198419,37165097,0.276133,35103356,0.225215,33395956,0.208674,32642931,0.0
31219633,26793136,0.221768,33777908,0.216338,33245196,0.213035,32954337,0.0
31244636,32638450,0.236674,36053718,0.179393,30371903,0.172145,32642931,0.0
31273283,32931066,0.192216,35518207,0.173403,34573269,0.165025,32642931,0.0
31276941,34899252,0.183127,34899211,0.155843,31555110,0.151563,33938163,0.0
31314786,23840505,0.226209,36119681,0.151381,29062688,0.146187,32642931,0.0
31346001,20559545,0.253103,32638450,0.24862,33395956,0.239838,32642931,0.0
31379543,34267632,0.230536,30659515,0.205668,34680538,0.180645,32642931,0.0
31408088,27403426,0.271748,23437205,0.247772,31600020,0.240628,30770788,0.0
31439852,33681997,0.220124,33935665,0.166445,32765241,0.161194,32642931,0.0
31440157,31680823,0.234216,28210930,0.203447,32848662,0.195197,32642931,0.0
31447762,36602295,0.241675,34899252,0.211272,37476004,0.197225,32642931,0.0
31461580,35716023,0.161043,30793074,0.149719,32536902,0.147851,35664438,0.0
31489136,34492032,0.210892,35143020,0.20895,25079070,0.179429,33938163,0.0
31496969,35176493,0.259657,31785530,0.245149,33061894,0.235188,32642931,0.0
31501442,29767792,0.230262,35325839,0.228078,28912675,0.222022,30770788,0.0
31501448,30878612,0.355159,34573183,0.325269,25393961,0.270723,32642931,0.0
31506704,26104102,0.351342,33216427,0.30714,35548890,0.25278,32642931,0.0
31507031,32528262,0.234018,34394339,0.231598,29845006,0.214309,30878612,0.0
31507522,33270131,0.278276,29942267,0.250233,33472829,0.246658,32642931,0.0
31536496,36238945,0.216135,36935917,0.199316,33804090,0.196779,32642931,0.0
31555110,33064332,0.212052,34394339,0.206573,28551777,0.203586,32642931,0.0
31568681,32609778,0.248844,33061894,0.226646,22144982,0.211356,30319395,0.0
31568716,28912675,0.214286,35463927,0.195942,34469847,0.194504,32642931,0.0
31571320,37176617,0.219921,28670270,0.197167,22470337,0.188267,36312016,0.0
31572296,22174802,0.282385,35280297,0.25817,35691252,0.198311,32642931,0.0
31588508,33090584,0.216198,22738335,0.201655,33976383,0.197237,32642931,0.0
31595015,30319377,0.188195,27091494,0.17928,30753654,0.167589,30294257,0.0
31600020,31408088,0.240628,28210930,0.221628,31634356,0.213627,36312016,0.0
31605452,29330483,0.160543,36844653,0.157708,35476367,0.154879,36605827,0.0
31607851,35999489,0.217376,36256642,0.211176,29385622,0.210403,30294257,0.0
31617662,34394339,0.212033,29568690,0.196898,33371101,0.195861,36605827,0.0
31620075,28071765,0.235848,29367402,0.207455,35987909,0.179504,32642931,0.0
31633061,29934675,0.294101,33472829,0.280469,29518712,0.247775,36158310,0.0
31634356,32638450,0.320815,31022978,0.246957,26635679,0.246855,32642931,0.0
31642167,36935917,0.210829,29789504,0.207786,33615612,0.201594,32642931,0.0
31650651,32936989,0.235229,21686319,0.167442,30371903,0.160265,34689151,0.0
31654233,34394339,0.255724,31096180,0.240279,32243055,0.238478,32642931,0.0
31662425,25793765,0.353224,29312029,0.321826,37396772,0.245579,32642931,0.0
31673061,32937445,0.264479,34924926,0.237353,30947247,0.226075,32642931,0.0
31680141,29902208,0.2905,29203803,0.193942,35046525,0.173903,32642931,0.0
31680164,35686464,0.207463,32937445,0.194917,25767441,0.166597,32642931,0.0
31680823,35727357,0.242744,28072415,0.234473,31440157,0.234216,32642931,0.0
31680921,34689151,0.367153,31690806,0.362018,29765312,0.352751,32642931,0.0
31680931,37396772,0.34238,32954337,0.275649,36716655,0.266453,32642931,0.0
31686821,31680931,0.226509,31662425,0.220156,37396772,0.21529,32642931,0.0
31690806,31680921,0.362018,30947247,0.312352,34660212,0.279699,32642931,0.0
31694816,26793136,0.226777,33664643,0.202308,33224020,0.194188,32642931,0.0
31697640,34464856,0.254834,34413723,0.222773,36970269,0.222699,32642931,0.0
31700004,29527179,0.284884,26867499,0.284448,33472829,0.267461,32642931,0.0
31720106,36092026,0.246598,34413723,0.214736,27302746,0.213383,32642931,0.0
31747689,32936989,0.393762,23119088,0.343394,34541537,0.265956,30294257,0.0
31785530,34899156,0.466698,29208951,0.370796,34351976,0.303959,32642931,0.0
31795057,30056292,0.406139,23444053,0.243408,37176617,0.213815,32642931,0.0
31798440,32265639,0.172527,28865406,0.169747,28981837,0.162638,30294257,0.0
31820813,37028931,0.217114,35979639,0.210797,32173410,0.192787,32642931,0.0
31824298,29922151,0.286617,35664889,0.220103,32247196,0.210935,30294257,0.0
31849777,26937384,0.240604,30555308,0.239692,34394339,0.22599,32642931,0.0
31854024,34394339,0.290295,19479053,0.252154,31868310,0.246231,32642931,0.0
31856703,27445764,0.259817,29632387,0.213361,35687994,0.182039,32642931,0.0
31865022,33617124,0.213988,19949484,0.197854,28824403,0.189908,32642931,0.0
31866843,27302746,0.22199,32706796,0.193963,30679738,0.193633,32642931,0.0
31868310,32761343,0.286029,34394339,0.274586,32609778,0.270616,32642931,0.0
31884222,31128318,0.22159,31662425,0.213085,34899156,0.205085,30294257,0.0
31885539,36859555,0.266052,35722559,0.189104,34497498,0.175618,32642931,0.0
31891311,36804686,0.263792,35103356,0.211881,34335172,0.210261,32642931,0.0
31907068,33277955,0.152077,29255411,0.146384,35586413,0.136743,30294257,0.0
31911343,28374005,0.216182,33835167,0.17492,22997054,0.16463,32642931,0.0
31920484,32440590,0.197205,32631032,0.193417,35037743,0.175339,30294257,0.0
31920500,29385622,0.172929,23717628,0.16555,28845309,0.146177,30294257,0.0
31920587,23999082,0.659756,34408637,0.424364,28912675,0.292297,32642931,0.0
31931900,34469847,0.193069,30878612,0.183373,28971003,0.175602,32642931,0.0
31993008,27694955,0.209704,29075575,0.208009,34899252,0.196677,32642931,0.0
31993656,35548890,0.1875,33245196,0.184219,28981541,0.183712,32642931,0.0
32000480,32189856,0.195149,25767441,0.182221,36816124,0.169316,32642931,0.0
32021618,36340775,0.215998,31785530,0.169019,36427258,0.158851,32642931,0.0
32021831,31128318,0.321861,34220433,0.305956,28365777,0.226934,32642931,0.0
32065445,32761343,0.258151,34394339,0.232262,30397584,0.229764,32642931,0.0
32082106,33390894,0.24049,35664889,0.196863,28210930,0.190137,32642931,0.0
32082138,37165097,0.270233,35144626,0.199438,31198419,0.192552,30770788,0.0
32091109,25762915,0.180445,29228027,0.175505,30371903,0.17459,32642931,0.0
32091958,34394339,0.205509,29618118,0.190756,32265685,0.190508,32642931,0.0
32103579,33976383,0.210564,36331125,0.205224,35477020,0.204654,34019590,0.0
32132904,21347218,0.227807,36117614,0.183288,34429472,0.171474,32642931,0.0
32147973,34220425,0.349167,33424663,0.228655,32247196,0.204804,32642931,0.0
32152111,23999082,0.309,31920587,0.279247,34220433,0.214026,30770788,0.0
32158386,34394339,0.218539,36602295,0.201066,28551777,0.197544,32642931,0.0
32163162,34894615,0.230735,31680921,0.224983,23189049,0.219856,32642931,0.0
32173410,30477561,0.223055,35979639,0.22052,29330483,0.205364,32642931,0.0
32184386,29795642,0.248976,19479053,0.241366,32638450,0.220583,32642931,0.0
32184714,32378710,0.323282,32631032,0.279123,30596801,0.157036,32642931,0.0
32189856,32351412,0.284437,35709185,0.263044,28912675,0.229841,32642931,0.0
32194456,29086502,0.220836,35384392,0.217468,19479053,0.194809,32642931,0.0
32213980,31408088,0.231386,28332557,0.153389,36325532,0.132948,30294257,0.0
32243055,33064332,0.271249,30235214,0.244391,31654233,0.238478,34019590,0.0
32247196,31824298,0.210935,32147973,0.204804,32638450,0.204705,30294257,0.0
32253455,28588477,0.289587,37265465,0.264326,34019590,0.238536,32642931,0.0
32265639,31798440,0.172527,32661345,0.170378,29231140,0.162192,32642931,0.0
32265685,32091958,0.190508,33806837,0.185799,29086502,0.16741,32642931,0.0
32292326,36816115,0.202548,34680538,0.179597,36276607,0.160776,30770788,0.0
32292332,28210930,0.254447,31072956,0.243587,33216427,0.219203,32642931,0.0
32300361,35884662,0.16012,32936989,0.158441,35143020,0.154946,30878612,0.0
32304021,30319377,0.180383,34573183,0.171646,29075575,0.153953,32642931,0.0
32309893,29093693,0.239141,28670270,0.203761,28072415,0.196369,32642931,0.0
32320431,21448435,0.170048,23715092,0.1669,28575506,0.166322,32642931,0.0
32339825,34573269,0.214471,29075575,0.212868,35344258,0.202085,32642931,0.0
32351412,35709185,0.604133,29487374,0.351828,25883561,0.293858,32642931,0.0
32362844,36062153,0.188411,30367110,0.187819,23437205,0.186424,32642931,0.0
32373055,33569254,0.271993,23209761,0.221401,32714271,0.217643,32642931,0.0
32378710,32916468,0.338558,32184714,0.323282,30596801,0.298364,32642931,0.0
32399555,22053153,0.202659,33533985,0.196184,35477020,0.185488,28650994,0.0
32435739,37475742,0.221194,24058350,0.18878,30991617,0.186045,35664438,0.0
32440590,35037743,0.373419,23322456,0.292593,37576018,0.237406,32642931,0.0
32449559,30816252,0.20206,36119681,0.198464,29934675,0.191054,32642931,0.0
32474466,32761343,0.253312,22053153,0.221687,35477020,0.212646,32642931,0.0
32499565,34276447,0.161632,31747689,0.154646,31700004,0.1484,30319395,0.0
32499585,26030417,0.20744,35356196,0.198111,33064332,0.181739,30679738,0.0
32510342,35325839,0.284129,30319395,0.263233,28332557,0.244648,30770788,0.0
32510345,33216427,0.297627,32638450,0.267711,29795642,0.225309,36312016,0.0
32525273,31011061,0.2754,35873771,0.202338,26793136,0.201124,33938163,0.0
32528262,36602295,0.325704,36087119,0.308123,34394339,0.297009,32642931,0.0
32536902,36551944,0.258675,36760808,0.209865,30662455,0.205938,32642931,0.0
32541672,31920587,0.224588,34761123,0.201192,31164996,0.194556,32642931,0.0
32547279,33216427,0.170778,29971249,0.155859,35154337,0.153826,30294257,0.0
32567365,20360963,0.184128,23565102,0.176953,34751480,0.151014,34019590,0.0
32572020,31164996,0.185469,28210930,0.173155,36635220,0.172469,32642931,0.0
32609778,31868310,0.270616,34394339,0.261763,33530043,0.257178,34019590,0.0
32631032,28912675,0.31107,32184714,0.279123,34408637,0.264151,30770788,0.0
32635911,34069930,0.159374,33633528,0.157089,36325532,0.146927,32642931,0.0
32638450,31634356,0.320815,31022978,0.314228,33463879,0.309229,32642931,0.0
32642931,23646178,0.165011,37032830,0.163881,33071928,0.145649,30770788,0.0
32661345,31132452,0.263559,35558091,0.231414,34573269,0.203352,32642931,0.0
32665756,33554463,0.233975,34474316,0.226289,31690806,0.190786,32642931,0.0
32706796,31866843,0.193963,33554463,0.17587,29578488,0.155428,30770788,0.0
32714179,35631206,0.190476,37328507,0.187376,36509982,0.17989,32642931,0.0
32714271,32373055,0.217643,36379713,0.199894,33554463,0.193942,30770788,0.0
32716854,32931066,0.541392,30640928,0.463838,34975714,0.380793,32642931,0.0
32734299,30239920,0.247191,29448128,0.225355,23840505,0.206757,32642931,0.0
32739867,35928018,0.21438,37028931,0.20008,34060682,0.190671,32642931,0.0
32760245,28464029,0.237845,21448435,0.18563,29339771,0.182775,32642931,0.0
32760257,35873771,0.268886,32716854,0.215636,34793955,0.209002,32642931,0.0
32761343,33285329,0.295022,31868310,0.286029,33530043,0.284221,35967898,0.0
32765241,36807960,0.25031,30555308,0.204294,30094167,0.189949,32642931,0.0
32769055,31690806,0.222387,29971249,0.187858,34152097,0.16961,32642931,0.0
32788471,33938163,0.234421,36716655,0.184157,31128318,0.17655,32642931,0.0
32805679,35250824,0.199906,28365777,0.196815,31700004,0.194754,32642931,0.0
32820847,35477020,0.202821,29518712,0.202692,28865406,0.199311,32642931,0.0
32821168,31408088,0.178329,35037743,0.15944,30319395,0.1493,30294257,0.0
32821291,32638450,0.228758,33145398,0.218027,28464029,0.210298,32642931,0.0
32830988,29765312,0.441693,36845415,0.222222,34867266,0.191039,32642931,0.0
32848654,32253455,0.208056,31673061,0.166075,34410609,0.163303,32642931,0.0
32848662,36910761,0.316362,31868310,0.264691,31128318,0.230778,32642931,0.0
32878626,26124712,0.242787,28210930,0.210375,28985373,0.205174,32642931,0.0
32880981,28865406,0.188991,30884216,0.174921,33835167,0.168506,32642931,0.0
32884000,35109804,0.18457,35959287,0.170294,36910761,0.161854,32642931,0.0
32908227,30500854,0.200838,22470337,0.197435,25339893,0.189807,32642931,0.0
32910516,29754151,0.205029,29970984,0.182139,30878612,0.174054,33938163,0.0
32916468,34924926,0.387008,34464856,0.37896,32378710,0.338558,32642931,0.0
32927083,25793765,0.224643,35144626,0.197446,29795642,0.176752,30294257,0.0
32931066,32716854,0.541392,34975714,0.383535,30640928,0.376538,32642931,0.0
32936989,31747689,0.393762,34541537,0.384283,31011061,0.313913,30294257,0.0
32937445,31673061,0.264479,34924926,0.256823,34069930,0.207112,32642931,0.0
32954337,37396772,0.295991,31680931,0.275649,34689151,0.274052,32642931,0.0
32954402,31173586,0.436085,34617016,0.328583,34019590,0.322664,32642931,0.0
32973642,19754932,0.182322,36578308,0.1511,37356055,0.147273,32642931,0.0
32985527,30555308,0.229903,34072444,0.20427,29845006,0.195667,34019590,0.0
32996647,36935917,0.268317,33615612,0.245954,32761343,0.244913,30878612,0.0
33013296,36716655,0.280338,34899156,0.260222,28912675,0.250064,32642931,0.0
33023515,33942958,0.162729,28341847,0.149192,29970984,0.146374,32642931,0.0
33024081,32243055,0.210985,29021956,0.197865,22053153,0.196429,36312016,0.0
33060709,30361295,0.185046,29021956,0.176356,33777908,0.17004,32642931,0.0
33061894,29208951,0.253718,31785530,0.238187,31496969,0.235188,32642931,0.0
33064332,34959050,0.340411,35477020,0.309644,32243055,0.271249,35057421,0.0
33071928,33551779,0.198588,23936082,0.197519,34461433,0.181878,30294257,0.0
33076977,31139470,0.206232,34328676,0.186732,37025377,0.177858,32642931,0.0
33090584,30991617,0.236219,31588508,0.216198,33976383,0.202283,32642931,0.0
33093488,35057421,0.178434,32152111,0.153612,33608048,0.143447,32642931,0.0
33094125,23840505,0.234013,34941895,0.1855,35466500,0.175197,32642931,0.0
33098616,34394339,0.231746,34984762,0.221501,34899252,0.216489,32642931,0.0
33118931,34439601,0.260355,32761343,0.236209,28971003,0.227024,32642931,0.0
33132860,33472829,0.191506,31633061,0.166793,26177270,0.162367,36312016,0.0
33139709,36504641,0.209999,32510342,0.177487,31856703,0.167209,30294257,0.0
33145398,29477839,0.320264,30705642,0.278248,29795642,0.276571,32642931,0.0
33146953,33688288,0.198118,21347218,0.196865,28865406,0.183489,32642931,0.0
33192967,30947247,0.353201,31680921,0.348098,34689151,0.309166,32642931,0.0
33203742,34959050,0.261684,33064332,0.22896,35477020,0.221996,30319395,0.0
33216127,37303301,0.308708,36340775,0.203769,32253455,0.182258,32642931,0.0
33216427,28210930,0.407715,30186210,0.339366,34231944,0.314036,32642931,0.0
33220629,27909005,0.0,31174338,0.0,34474318,0.0,30770788,0.0
33224020,36516729,0.207543,31555110,0.198946,33371101,0.198343,32642931,0.0
33225980,30730551,0.192941,33554463,0.177668,34328676,0.17246,32642931,0.0
33228525,30094167,0.20596,30235214,0.205794,29857719,0.193816,29487374,0.0
33245196,25762915,0.292085,31156452,0.248439,36516729,0.231122,32642931,0.0
33270131,26177270,0.312787,31507522,0.278276,31633061,0.242104,32642931,0.0
33277510,22936472,0.178503,29789504,0.171224,30239920,0.159014,32642931,0.0
33277955,32638450,0.204288,30210369,0.188856,27706215,0.188133,30319395,0.0
33285329,32761343,0.295022,36009093,0.226393,33530043,0.212608,30679738,0.0
33320398,28551777,0.225139,35022447,0.21596,33061894,0.190384,33938163,0.0
33339879,36845415,0.287895,33706250,0.190972,31680921,0.190016,32642931,0.0
33343315,33551779,0.32539,33806837,0.201145,23936082,0.17125,32642931,0.0
33343317,31191278,0.156244,36935917,0.145258,31868310,0.144929,30679738,0.0
33343420,35480997,0.209845,23119088,0.172685,27089992,0.161165,32642931,0.0
33346132,36726504,0.192362,32936989,0.169941,33371101,0.147223,36312016,0.0
33362462,37396772,0.204467,32954337,0.187605,36635220,0.17825,32642931,0.0
33370666,28451633,0.147947,35573287,0.140384,33528852,0.139058,36676068,0.0
33371101,36935917,0.206996,33224020,0.198343,31617662,0.195861,36312016,0.0
33376980,35431887,0.20226,23999082,0.172672,25883561,0.164618,32642931,0.0
33381163,35727357,0.189443,34593518,0.178193,35338471,0.157542,32642931,0.0
33381165,34918164,0.24267,26124712,0.222883,31680921,0.218165,32642931,0.0
33390894,32082106,0.24049,31164996,0.155567,32541672,0.151712,30770788,0.0
33395956,28551777,0.295185,23144799,0.285207,29845006,0.265616,32642931,0.0
33395999,29330483,0.291303,36331125,0.282425,31128318,0.25817,32642931,0.0
33423129,33826184,0.324721,30947247,0.271109,36845415,0.225543,32642931,0.0
33424663,35731447,0.229906,32147973,0.228655,34220425,0.20491,32642931,0.0
33449089,34573269,0.198266,34410609,0.191564,32173410,0.178547,32642931,0.0
33459459,36760808,0.227273,32716854,0.184536,32931066,0.168201,32642931,0.0
33463879,32638450,0.309229,26104102,0.2762,36289366,0.246119,32642931,0.0
33472674,30239920,0.214809,32510345,0.197152,29255411,0.181246,30294257,0.0
33472829,31633061,0.280469,31700004,0.267461,26867499,0.258774,32642931,0.0
33500416,30319377,0.235471,31607851,0.189846,34526922,0.178068,32642931,0.0
33503315,29330483,0.209339,30555308,0.207689,37388634,0.196315,32642931,0.0
33510667,31920587,0.154561,31128318,0.153867,35384549,0.15054,32642931,0.0
33528852,34103606,0.254363,23322456,0.215298,28824403,0.17805,30770788,0.0
33530043,28551777,0.309363,32761343,0.284221,34394339,0.273747,32642931,0.0
33533985,30884216,0.258436,34349186,0.237969,35477020,0.23506,32642931,0.0
33542197,33688288,0.198641,30662455,0.181985,34751480,0.181826,32642931,0.0
33551779,33343315,0.32539,27378987,0.236387,23936082,0.204489,32642931,0.0
33554463,33777908,0.257465,32665756,0.233975,33773241,0.218908,32642931,0.0
33569254,23209761,0.351633,29231140,0.296612,32373055,0.271993,30770788,0.0
33580032,35350559,0.168514,35418832,0.146957,28855582,0.145842,30770788,0.0
33587931,29967435,0.232872,35384549,0.208336,20877426,0.178222,30294257,0.0
33588323,30085308,0.199723,36935917,0.159929,33716689,0.157507,32642931,0.0
33608048,23437205,0.16063,32152111,0.160225,31072956,0.149126,32642931,0.0
33613206,36289366,0.223783,33463879,0.209495,25767441,0.195614,32642931,0.0
33615612,36935917,0.3924,29208951,0.264979,22144982,0.258799,33938163,0.0
33617124,24278150,0.283505,31865022,0.213988,31690806,0.188188,32642931,0.0
33618236,35079026,0.394997,36523439,0.172958,27242465,0.151523,30770788,0.0
33618237,28072415,0.20731,35727357,0.203729,31680823,0.180863,32642931,0.0
33633528,23840505,0.330669,32351412,0.283615,30564107,0.234278,32642931,0.0
33664643,30056292,0.388134,37176617,0.304989,35418832,0.246169,30319395,0.0
33681997,31439852,0.220124,31132452,0.19153,36092026,0.184306,32642931,0.0
33684729,25883561,0.22555,36034114,0.216167,33569254,0.214771,32642931,0.0
33688288,31680921,0.326404,29231140,0.296774,31690806,0.270415,32642931,0.0
33706250,33339879,0.190972,32631032,0.18194,34591838,0.17509,32642931,0.0
33716689,35935423,0.363716,23638181,0.163041,33588323,0.157507,32642931,0.0
33729637,34899211,0.276484,36009093,0.243421,34573269,0.237193,33938163,0.0
33746829,33938163,0.243598,31700004,0.243509,36061147,0.214111,32642931,0.0
33761000,35580840,0.358812,34899156,0.289818,31176833,0.279132,30770788,0.0
33769661,30239920,0.191539,24319433,0.183639,35477020,0.174803,32642931,0.0
33773165,26696871,0.215875,36331125,0.207333,30662455,0.206643,32642931,0.0
33773241,28551777,0.227389,33554463,0.218908,34072444,0.215116,33938163,0.0
33776671,19479053,0.224207,31854024,0.218121,29795642,0.21792,32642931,0.0
33777908,31022978,0.257842,33554463,0.257465,30863288,0.239051,32642931,0.0
33804090,37009454,0.217901,31536496,0.196779,33090584,0.19334,32642931,0.0
33806837,22529908,0.226233,31920587,0.212294,33343315,0.201145,32642931,0.0
33826184,33423129,0.324721,30947247,0.265003,27403426,0.21385,32642931,0.0
33826665,35477020,0.218373,30235214,0.216155,24058350,0.215395,32642931,0.0
33827729,30319395,0.178334,28365777,0.178106,28210930,0.177359,32642931,0.0
33835167,35384549,0.178734,34113787,0.178585,31911343,0.17492,32642931,0.0
33841130,24789812,0.175373,31673061,0.15116,36711210,0.149676,30294257,0.0
33841308,27936219,0.186499,30717827,0.122233,36087119,0.109075,32642931,0.0
33851931,33530043,0.172082,29988531,0.162578,33277955,0.161877,33938163,0.0
33864515,36081664,0.278212,37265465,0.257115,36743431,0.246585,32642931,0.0
33897388,30662455,0.299627,30020566,0.254824,36256642,0.248551,32642931,0.0
33935665,31439852,0.166445,29875645,0.160139,36819220,0.157266,32642931,0.0
33938163,28365777,0.523955,31128318,0.249089,33746829,0.243598,30770788,0.0
33942958,28690501,0.212417,31849777,0.209773,30555308,0.198259,32642931,0.0
33970893,32761343,0.167005,21686319,0.162698,33285329,0.157025,36158310,0.0
33976228,37165097,0.182578,34793955,0.170973,33320398,0.169486,29487374,0.0
33976383,35477020,0.291812,31022978,0.264966,37151844,0.249182,34019590,0.0
34014611,36440757,0.164317,32739867,0.155984,24040309,0.152757,33938163,0.0
34019590,31173586,0.590106,32954402,0.322664,32253455,0.238536,30770788,0.0
34060682,27242492,0.270322,37028931,0.243029,25685704,0.234383,32642931,0.0
34069930,35693335,0.212065,35384549,0.207933,32937445,0.207112,32642931,0.0
34072444,34394339,0.25397,31096180,0.242056,33530043,0.236625,29487374,0.0
34103606,23322456,0.294758,33528852,0.254363,31501448,0.174738,30294257,0.0
34113787,33835167,0.178585,30816252,0.16768,35280297,0.15226,32642931,0.0
34122313,34349186,0.240811,35344258,0.240801,32761343,0.237886,32642931,0.0
34124853,36248695,0.422502,32716854,0.222799,25826300,0.192834,32642931,0.0
34132441,35687994,0.154296,29666588,0.148941,25756991,0.133271,32642931,0.0
34152097,34941895,0.241359,31854024,0.225681,30555308,0.219006,32642931,0.0
34156763,28464508,0.175473,32936989,0.159052,19949484,0.154772,29487374,0.0
34160037,30878612,0.248992,23967150,0.211842,31686821,0.185769,32642931,0.0
34163319,29875645,0.205049,19479053,0.196777,27403426,0.194701,32642931,0.0
34211549,32378710,0.19326,34573269,0.182866,30596801,0.178667,32642931,0.0
34220322,19754932,0.195517,32739867,0.177742,35281511,0.147833,36312016,0.0
34220425,32147973,0.349167,28985373,0.254165,29203803,0.23839,32642931,0.0
34220433,32021831,0.305956,23999082,0.289721,31920587,0.245977,32642931,0.0
34231944,33216427,0.314036,35259524,0.24361,28210930,0.243024,32642931,0.0
34244809,26104102,0.256025,31506704,0.201022,34492032,0.18284,32642931,0.0
34267632,35356196,0.271141,31379543,0.230536,36859555,0.203273,32642931,0.0
34274725,35691252,0.194398,29857719,0.167661,30300341,0.163576,32642931,0.0
34276347,37265465,0.196934,30140207,0.19372,30278046,0.190777,30294257,0.0
34276447,31654233,0.185721,28551777,0.180717,34569931,0.175244,32642931,0.0
34328676,29112719,0.212649,36313089,0.211698,25883561,0.195884,32642931,0.0
34335172,29765312,0.297864,34469847,0.26634,31680921,0.254677,32642931,0.0
34349186,35477020,0.28023,22053153,0.268745,34122313,0.240811,32642931,0.0
34349632,37388634,0.258455,33395999,0.255893,36331125,0.25335,33938163,0.0
34351976,31785530,0.303959,30753654,0.266086,35935423,0.251598,32642931,0.0
34354663,30669009,0.231265,37396772,0.223608,31555110,0.167483,32642931,0.0
34356181,29922151,0.236425,23570420,0.177388,35480997,0.16859,32642931,0.0
34366804,35280297,0.238323,31697640,0.220959,37165097,0.197706,32642931,0.0
34381352,31673061,0.215772,30293517,0.19663,34351976,0.193601,32642931,0.0
34385571,29662444,0.184075,29203803,0.167641,20360963,0.162177,32642931,0.0
34394339,28551777,0.32522,34439601,0.316576,36602295,0.299061,32642931,0.0
34406637,29312029,0.21543,23717628,0.203799,34916583,0.193772,32642931,0.0
34408637,31920587,0.424364,23999082,0.392376,28912675,0.300274,32642931,0.0
34410609,29208951,0.213296,33449089,0.191564,32253455,0.188574,32642931,0.0
34413723,23144799,0.3596,32931066,0.260555,34464856,0.252364,32642931,0.0
34419765,36635220,0.177572,33064332,0.173811,33530043,0.172184,32642931,0.0
34421526,36117614,0.204509,23316178,0.19994,31506704,0.19,32642931,0.0
34423595,36312016,0.368765,32716854,0.30125,30640928,0.261406,32642931,0.0
34429472,23717628,0.175513,32132904,0.171474,21347218,0.168253,26403064,0.0
34439601,34394339,0.316576,33118931,0.260355,31868310,0.259716,36676068,0.0
34447935,30532700,0.187561,32510342,0.181363,29339771,0.180798,30294257,0.0
34461433,30278046,0.25,33071928,0.181878,29477839,0.181818,32642931,0.0
34464856,32916468,0.37896,31697640,0.254834,34413723,0.252364,32642931,0.0
34469847,35463927,0.32389,30878612,0.28413,34335172,0.26634,32642931,0.0
34474316,32665756,0.226289,34761123,0.216267,28865406,0.207867,32642931,0.0
34474318,31346001,0.175487,32253455,0.15471,23119088,0.142924,30294257,0.0
34492032,35037743,0.495818,31634356,0.245636,20877426,0.240834,32642931,0.0
34497498,36276607,0.197582,29097734,0.188653,31885539,0.175618,30770788,0.0
34512236,32761343,0.231942,22144982,0.222212,33064332,0.21723,36312016,0.0
34514848,31072956,0.216818,36288329,0.205517,34351976,0.201724,32642931,0.0
34526922,34899156,0.228256,26175679,0.216346,30147649,0.200207,32642931,0.0
34541537,32936989,0.384283,31747689,0.265956,28971011,0.180684,30770788,0.0
34569931,36716655,0.210103,30260258,0.19625,31785530,0.193958,32642931,0.0
34573183,30319377,0.326711,31501448,0.325269,36291212,0.244125,32642931,0.0
34573269,35686464,0.305754,36248695,0.270549,31132452,0.264249,32642931,0.0
34585141,35356196,0.255051,31633061,0.233395,37475742,0.22063,35136959,0.0
34591838,32253455,0.209809,27089992,0.206034,36479042,0.203789,32642931,0.0
34593518,22174802,0.235183,35103356,0.221365,36291212,0.219534,32642931,0.0
34606814,24278150,0.196541,33423129,0.175822,29231140,0.159418,32642931,0.0
34617016,22174802,0.400899,36054343,0.380893,32954402,0.328583,32642931,0.0
34643738,34918164,0.234305,36676068,0.20194,30083136,0.190224,32642931,0.0
34655096,33395956,0.264634,33216427,0.228157,32189856,0.2121,32642931,0.0
34660212,31690806,0.279699,29231140,0.215008,33688288,0.212055,32642931,0.0
34680538,37303301,0.210319,31379543,0.180645,32292326,0.179597,32642931,0.0
34689151,31680921,0.367153,33192967,0.309166,36479042,0.304277,32642931,0.0
34690118,28551777,0.237744,32761343,0.218486,31568681,0.21101,30679738,0.0
34690668,36479042,0.156111,31439852,0.147404,36072890,0.144623,32642931,0.0
34721001,19018317,0.214451,35132408,0.173601,35880231,0.167324,32642931,0.0
34727087,36440430,0.192448,31700004,0.184466,30094167,0.174568,32642931,0.0
34744973,24058350,0.194306,22053153,0.183206,33530043,0.168965,32642931,0.0
34751480,30405375,0.210132,32243055,0.196498,36602295,0.190587,32642931,0.0
34761123,22529908,0.21812,34474316,0.216267,35350559,0.212101,32642931,0.0
34761749,30140207,0.188433,37165097,0.18148,34526922,0.175499,33938163,0.0
34787788,29330483,0.209814,29631546,0.209412,35930925,0.188514,32642931,0.0
34793955,28912675,0.26361,36716655,0.262811,30294257,0.259837,32642931,0.0
34819848,34899156,0.245093,33761000,0.244975,31785530,0.194733,30770788,0.0
34827484,35727357,0.193473,24672481,0.162818,31931900,0.145884,32642931,0.0
34850226,29375431,0.204843,33533985,0.195586,36516729,0.185439,32642931,0.0
34867266,37475742,0.240149,32830988,0.191039,36138899,0.189284,32642931,0.0
34894615,34959050,0.296788,35477020,0.283332,33064332,0.268063,34019590,0.0
34898646,36312016,0.24878,34423595,0.245376,34413723,0.242001,30770788,0.0
34899156,29208951,0.500381,31785530,0.466698,33761000,0.289818,30770788,0.0
34899211,30500854,0.287154,33729637,0.276484,36935917,0.216035,30319395,0.0
34899252,29845006,0.276731,26696871,0.269229,34394339,0.262652,32642931,0.0
34916583,37475742,0.246777,35879595,0.233842,28865406,0.212562,32642931,0.0
34918164,29902208,0.376365,30319377,0.340942,32351412,0.277866,32642931,0.0
34924926,32916468,0.387008,36711210,0.296613,30293517,0.286968,32642931,0.0
34941895,34152097,0.241359,30500854,0.2243,30555308,0.210258,30294257,0.0
34942902,35348614,0.311438,28464029,0.223523,35709185,0.151183,32642931,0.0
34955950,29339771,0.28482,30659515,0.251591,33216427,0.243982,32642931,0.0
34959050,33064332,0.340411,35477020,0.30745,34894615,0.296788,32642931,0.0
34962111,26124712,0.356457,33216427,0.296353,31506704,0.219726,32642931,0.0
34965579,30500854,0.239833,30834624,0.20742,34899211,0.204952,34689151,0.0
34975389,31132452,0.211943,33064332,0.17739,30260258,0.175273,32642931,0.0
34975714,30640928,0.472628,32931066,0.383535,32716854,0.380793,32642931,0.0
34975723,32661345,0.201949,34689151,0.168278,31680921,0.154972,32642931,0.0
34981112,34573183,0.183457,30319377,0.169754,34761749,0.168215,32642931,0.0
34984762,26696871,0.310633,28551777,0.26881,36602295,0.266246,32642931,0.0
34987355,31176833,0.33508,36325532,0.145568,35250824,0.140789,32642931,0.0
34996499,36910761,0.249784,34394339,0.222277,36602295,0.221459,32642931,0.0
35012965,37542975,0.24204,30085308,0.238893,35724856,0.216976,32642931,0.0
35022447,28551777,0.386596,26941692,0.246299,31156452,0.243603,32642931,0.0
35037743,34492032,0.495818,32440590,0.373419,37576018,0.302793,32642931,0.0
35046525,29385622,0.188402,35290856,0.18693,29367402,0.176281,32642931,0.0
35057421,33093488,0.178434,29988531,0.177899,28341847,0.155887,32642931,0.0
35068468,30023170,0.234418,22144982,0.167994,23437205,0.165073,30294257,0.0
35069409,33777908,0.194893,33554463,0.192206,35724856,0.189916,32642931,0.0
35079026,33618236,0.394997,35996417,0.24508,27242465,0.235516,32642931,0.0
35080692,32931066,0.167291,35664438,0.164588,32716854,0.147952,32642931,0.0
35087195,30886589,0.180668,30532700,0.174442,30941010,0.164514,32642931,0.0
35103356,35280297,0.297322,36289366,0.231,31198419,0.225215,32642931,0.0
35109804,32884000,0.18457,31633061,0.18375,25079070,0.164076,32642931,0.0
35132408,29662444,0.286879,36816124,0.237736,35401094,0.209429,30770788,0.0
35136959,30837825,0.214847,27729858,0.188198,37554464,0.184926,32642931,0.0
35143020,29988531,0.25367,31022978,0.209936,31489136,0.20895,33864515,0.0
35144626,30186210,0.210422,33776671,0.208745,32082138,0.199438,32642931,0.0
35153482,35431887,0.18897,26500517,0.165905,35879595,0.16479,32642931,0.0
35153786,34573183,0.21007,34526922,0.19784,37287410,0.17782,33938163,0.0
35154337,36935917,0.266524,35176493,0.227951,33615612,0.210716,32642931,0.0
35172913,34941895,0.208609,26696871,0.208061,36804686,0.207677,32642931,0.0
35176493,29093693,0.260376,31496969,0.259657,35154337,0.227951,32642931,0.0
35233859,31720106,0.142395,33938163,0.106725,29789504,0.105948,30770788,0.0
35250436,30564107,0.200891,31673061,0.189077,34899156,0.164918,32642931,0.0
35250514,30500854,0.223388,30083136,0.178836,26793136,0.144451,33938163,0.0
35250824,36256642,0.269451,32805679,0.199906,34464856,0.194325,32642931,0.0
35259524,28551777,0.268446,34231944,0.24361,36935917,0.241444,33938163,0.0
35260119,35987909,0.259049,35979639,0.210572,29765312,0.185871,32642931,0.0
35265028,30405375,0.1726,23638181,0.141314,24278150,0.139954,32642931,0.0
35280297,35103356,0.297322,22174802,0.273918,31572296,0.25817,32642931,0.0
35281511,32734299,0.18966,32661345,0.183221,30500854,0.179229,32642931,0.0
35290856,35348614,0.266103,29052307,0.24311,32378710,0.233,32642931,0.0
35301516,36277973,0.210335,37008220,0.208493,34655096,0.195414,32642931,0.0
35308883,35477020,0.215771,19710635,0.202546,36935917,0.195562,32642931,0.0
35319666,36967826,0.212683,28910390,0.168956,30367110,0.159723,26403064,0.0
35323933,34267632,0.200484,34899211,0.198912,35176493,0.192789,32642931,0.0
35325839,21347218,0.304462,32510342,0.284129,31785530,0.271951,30770788,0.0
35329804,30524515,0.18357,29231140,0.168096,30425664,0.135709,30294257,0.0
35338471,34924926,0.260336,36605827,0.253947,29311859,0.225312,32642931,0.0
35344258,34573269,0.245138,34122313,0.240801,32339825,0.202085,32642931,0.0
35345545,30405375,0.267565,34751480,0.188812,31507522,0.177309,32642931,0.0
35348614,34942902,0.311438,35290856,0.266103,35144626,0.168685,30770788,0.0
35350559,34761123,0.212101,34819848,0.193712,37032830,0.183227,30770788,0.0
35356196,34267632,0.271141,37475742,0.270074,34585141,0.255051,32642931,0.0
35368265,29934941,0.180462,28824403,0.156803,33528852,0.150628,30770788,0.0
35384392,37008224,0.291659,29795642,0.269286,19479053,0.253528,32642931,0.0
35384549,37388634,0.307877,36325532,0.255599,36816124,0.229219,32642931,0.0
35401094,35132408,0.209429,30662455,0.207312,35692562,0.201025,30770788,0.0
35418832,30056292,0.485596,37475742,0.257269,23999082,0.246983,32642931,0.0
35418882,27909005,0.0,31174338,0.0,34474318,0.0,30770788,0.0
35431887,33376980,0.20226,35928018,0.193946,35153482,0.18897,32642931,0.0
35432784,37008220,0.209304,35176493,0.197046,35154337,0.187376,32642931,0.0
35463927,30640928,0.338558,27936219,0.334716,34469847,0.32389,32642931,0.0
35466500,34394339,0.218453,34439601,0.188106,28690501,0.18774,36676068,0.0
35476367,29867402,0.161889,31605452,0.154879,22738335,0.150663,32642931,0.0
35477020,33064332,0.309644,34959050,0.30745,33976383,0.291812,32642931,0.0
35480997,29149326,0.2267,24600224,0.213749,33343420,0.209845,30294257,0.0
35493938,33615612,0.195798,31440157,0.189305,31662425,0.180577,32642931,0.0
35518207,30679738,0.272549,32931066,0.271207,30546047,0.231392,32642931,0.0
35548890,36711210,0.267183,31506704,0.25278,28790831,0.211984,32642931,0.0
35558091,32661345,0.231414,31501448,0.160795,36970269,0.158339,32642931,0.0
35573287,30564107,0.228191,26104102,0.212476,28451633,0.208743,32642931,0.0
35580840,33761000,0.358812,30079017,0.338838,22936472,0.23802,32642931,0.0
35586413,23967150,0.184943,32739867,0.184587,37554464,0.146791,30294257,0.0
35592157,28985373,0.322738,34220425,0.224595,29765312,0.206207,32642931,0.0
35601910,34408637,0.216298,31176833,0.212639,33806837,0.18361,32642931,0.0
35607841,27218420,0.196675,36551944,0.178871,29163133,0.176205,36605827,0.0
35631206,37265465,0.258378,33864515,0.244208,32714179,0.190476,32642931,0.0
35641787,36277918,0.308964,27414048,0.249815,31662425,0.204214,32642931,0.0
35651631,30793074,0.157615,29767792,0.15562,35418832,0.149513,36312016,0.0
35664342,31588508,0.140151,28690501,0.136964,34965579,0.132151,33938163,0.0
35664438,29922151,0.195799,30870734,0.166278,35080692,0.164588,32642931,0.0
35664483,19949484,0.184176,33098616,0.16794,26635679,0.156928,32642931,0.0
35664889,37165097,0.247549,28210930,0.235227,28072415,0.224642,32642931,0.0
35686464,34573269,0.305754,25767441,0.265761,36413209,0.246197,30319395,0.0
35687994,31176833,0.199559,30140207,0.197001,31856703,0.182039,30770788,0.0
35691252,34464856,0.207626,31572296,0.198311,36804686,0.195011,32642931,0.0
35692562,29662444,0.324186,29875645,0.308725,29209202,0.212711,32642931,0.0
35693335,23715092,0.254023,34069930,0.212065,34060682,0.191844,32642931,0.0
35701598,24319433,0.1932,35727357,0.177125,29339771,0.176711,32642931,0.0
35709185,32351412,0.604133,29487374,0.407222,32189856,0.263044,32642931,0.0
35710854,31022978,0.296731,26635679,0.20893,31346001,0.200922,36312016,0.0
35716023,37008220,0.171193,37554393,0.162235,31461580,0.161043,32642931,0.0
35720086,33976383,0.162697,35990591,0.159104,35879595,0.155529,32642931,0.0
35722559,22174802,0.264968,36371438,0.239181,29875645,0.223762,32642931,0.0
35724856,35012965,0.216976,35069409,0.189916,31346001,0.181149,33938163,0.0
35727357,31680823,0.242744,31072956,0.224229,28210930,0.21439,32642931,0.0
35731447,33424663,0.229906,36087119,0.221612,34984762,0.211795,32642931,0.0
35749379,36325532,0.187851,36504641,0.178507,30705642,0.176783,32642931,0.0
35753235,34231944,0.170504,28790831,0.16231,22174802,0.159503,32642931,0.0
35785340,30596801,0.220357,34413723,0.211552,30728803,0.189438,33938163,0.0
35836836,33569254,0.228525,30947247,0.21748,26690067,0.215255,32642931,0.0
35860945,34349632,0.215786,31849777,0.207448,30500854,0.191237,32642931,0.0
35873771,32760257,0.268886,27708610,0.253252,29795642,0.22777,32642931,0.0
35879595,34916583,0.233842,37476004,0.203858,29462481,0.200219,32642931,0.0
35880231,30941010,0.186139,37098498,0.172812,34721001,0.167324,32642931,0.0
35884662,29934941,0.27062,31747689,0.201598,36262836,0.188451,30294257,0.0
35928018,30816252,0.235494,37028931,0.227788,32739867,0.21438,32642931,0.0
35930925,30260258,0.189924,34787788,0.188514,29942267,0.188507,32642931,0.0
35935423,33716689,0.363716,34351976,0.251598,36968234,0.244889,32642931,0.0
35959244,37576018,0.185236,31634356,0.178344,31022978,0.178129,32642931,0.0
35959287,33192967,0.219068,26867499,0.216634,30487740,0.202257,32642931,0.0
35967619,34394339,0.200702,33118931,0.192061,24058350,0.188854,34019590,0.0
35967898,32253455,0.166028,33094125,0.160408,28912675,0.114378,32642931,0.0
35979639,35280297,0.232114,32173410,0.22052,31820813,0.210797,32642931,0.0
35987909,35260119,0.259049,28071765,0.200577,34899156,0.191206,30770788,0.0
35990591,30500854,0.250285,30596801,0.230153,35686464,0.207409,32642931,0.0
35996417,35079026,0.24508,36291212,0.210863,29163133,0.188677,32642931,0.0
35999489,30947247,0.341933,33192967,0.26035,36256642,0.253049,32642931,0.0
36002971,30834624,0.178596,29280306,0.164188,33024081,0.162693,36312016,0.0
36009093,33064332,0.269031,29867402,0.268266,30500854,0.257455,34019590,0.0
36034114,27302746,0.249543,33684729,0.216167,37034753,0.204707,32642931,0.0
36053718,26793136,0.214855,33145398,0.191893,31346001,0.184669,32642931,0.0
36054343,34617016,0.380893,32954402,0.247501,30596801,0.232697,32642931,0.0
36061147,30555308,0.234105,31128318,0.227684,33746829,0.214111,32642931,0.0
36062153,28332557,0.205789,34069930,0.203986,28740242,0.191898,32642931,0.0
36066181,34220425,0.210471,35132408,0.165797,35136959,0.159747,32642931,0.0
36072890,35477020,0.226057,22053153,0.204205,33203742,0.1881,35967898,0.0
36081664,33864515,0.278212,33216127,0.168817,23028653,0.155065,32642931,0.0
36087119,19949484,0.31221,32528262,0.308123,34394339,0.263158,29487374,0.0
36090279,31680921,0.266727,31690806,0.264724,33688288,0.228267,32642931,0.0
36092026,31720106,0.246598,33681997,0.184306,34366804,0.161528,32642931,0.0
36097160,36523439,0.253708,29731712,0.16222,36427258,0.159637,32642931,0.0
36104362,31690806,0.185627,30947247,0.182359,35418832,0.160363,32642931,0.0
36117614,34421526,0.204509,36738332,0.194797,32132904,0.183288,30770788,0.0
36119681,32449559,0.198464,33613206,0.19119,33146953,0.170534,32642931,0.0
36138899,31176833,0.233516,29902208,0.200711,19479053,0.195487,32642931,0.0
36147977,30778319,0.186092,28985422,0.148928,33777908,0.137663,26403064,0.0
36158310,36711210,0.263267,29311859,0.262548,34899156,0.228683,30770788,0.0
36162237,31680921,0.200641,34689151,0.19104,30947247,0.176133,33938163,0.0
36163225,34394339,0.268218,28551777,0.21262,28690501,0.209011,32642931,0.0
36208547,32716854,0.191823,27936219,0.187383,29850990,0.182419,30770788,0.0
36238945,31680921,0.255313,30467392,0.247339,36413209,0.243179,32642931,0.0
36248695,30640928,0.428783,34124853,0.422502,34975714,0.37656,32642931,0.0
36251766,35990591,0.181749,26030417,0.17941,36551944,0.171474,32642931,0.0
36256642,35250824,0.269451,23999082,0.264977,35999489,0.253049,32642931,0.0
36262836,29448128,0.202374,23119088,0.201379,35884662,0.188451,30770788,0.0
36276607,30079017,0.465512,35580840,0.197784,34497498,0.197582,30770788,0.0
36277918,35641787,0.308964,30878612,0.261651,31662425,0.195484,32642931,0.0
36277973,22936472,0.232432,35301516,0.210335,26124712,0.190962,32642931,0.0
36288329,34514848,0.205517,28101012,0.179665,32954337,0.171111,32642931,0.0
36289366,33463879,0.246119,35103356,0.231,37328507,0.228642,32642931,0.0
36291212,34573183,0.244125,36676068,0.239528,23444053,0.231769,32642931,0.0
36308857,34124853,0.180226,33554463,0.164921,32760257,0.154768,32642931,0.0
36312016,34423595,0.368765,30640928,0.337617,36248695,0.268388,32642931,0.0
36313089,30878612,0.280301,28740242,0.238196,36804686,0.234462,32642931,0.0
36316871,36733415,0.173857,31506704,0.167495,36935917,0.163507,36605827,0.0
36324652,31022978,0.22282,27449913,0.175831,22738335,0.175192,33938163,0.0
36325532,35384549,0.255599,32716854,0.228283,30679738,0.227605,32642931,0.0
36331125,33395999,0.282425,29631546,0.253457,34349632,0.25335,35136959,0.0
36340775,32021618,0.215998,33216127,0.203769,32253455,0.191539,32642931,0.0
36346308,36935917,0.224865,31588508,0.195131,35103356,0.18812,32642931,0.0
36371438,22174802,0.331717,34617016,0.259603,23570420,0.255787,32642931,0.0
36379713,32714271,0.199894,33376980,0.156091,33554463,0.154344,32642931,0.0
36386969,31174338,0.205733,28828207,0.180351,29448128,0.18007,32642931,0.0
36389065,31132452,0.254926,32931066,0.177332,35836836,0.169958,32642931,0.0
36413209,35686464,0.246197,36238945,0.243179,28551777,0.242345,32642931,0.0
36427258,29867402,0.201721,31191278,0.196619,26867499,0.190618,32642931,0.0
36440430,34727087,0.192448,27449913,0.177882,36325532,0.167799,32642931,0.0
36440757,37287410,0.243858,30405375,0.176893,33013296,0.170785,32642931,0.0
36479042,34689151,0.304277,27445764,0.261536,34591838,0.203789,32642931,0.0
36504641,33139709,0.209999,35384549,0.187587,35749379,0.178507,32642931,0.0
36509982,32714179,0.17989,30669009,0.177147,31447762,0.176395,34689151,0.0
36516729,25762915,0.312105,28072415,0.274053,29518712,0.246189,32642931,0.0
36518334,31868310,0.244712,32609778,0.23086,29934675,0.221782,32642931,0.0
36518336,35103356,0.199853,34231944,0.183144,31536496,0.18251,33938163,0.0
36518558,33145398,0.208464,37098498,0.198966,36845415,0.19153,32642931,0.0
36523439,36097160,0.253708,35079026,0.199786,32243055,0.179031,32642931,0.0
36551944,32536902,0.258675,36716655,0.249908,37176617,0.244569,32642931,0.0
36552149,28210930,0.207675,31633061,0.190246,33618237,0.175676,36676068,0.0
36570538,34335172,0.241938,29765312,0.221021,32830988,0.190789,32642931,0.0
36578308,29330483,0.20857,31128318,0.207514,32805679,0.187657,32642931,0.0
36596589,32253455,0.180056,29159058,0.174706,35068468,0.162677,32642931,0.0
36602295,32528262,0.325704,30662455,0.302991,34394339,0.299061,32642931,0.0
36605827,35338471,0.253947,28464029,0.217732,37554393,0.161754,32642931,0.0
36635220,21152341,0.197384,33615612,0.195519,33729637,0.187744,32642931,0.0
36669352,34220425,0.200128,29317746,0.179514,35785340,0.174831,32642931,0.0
36676068,36291212,0.239528,34643738,0.20194,34573183,0.198447,32642931,0.0
36684846,37009110,0.210472,32761343,0.204393,26074803,0.194294,32642931,0.0
36711210,29311859,0.488201,30293517,0.420943,34924926,0.296613,30770788,0.0
36716655,33013296,0.280338,34899156,0.277908,31785530,0.266499,32642931,0.0
36726504,37114163,0.243205,32528262,0.242679,32163162,0.20782,32642931,0.0
36733415,34955950,0.186822,36413209,0.184794,26347127,0.18316,36312016,0.0
36738332,23715092,0.238773,33761000,0.21517,36117614,0.194797,32642931,0.0
36743431,34793955,0.255846,33864515,0.246585,30294257,0.214923,32642931,0.0
36760808,32716854,0.313705,28912675,0.279303,32931066,0.272614,32642931,0.0
36804686,31891311,0.263792,36313089,0.234462,28101012,0.229158,32642931,0.0
36807960,31096180,0.264637,34394339,0.264441,32765241,0.25031,32642931,0.0
36816115,32292326,0.202548,27729858,0.185143,25852510,0.177729,32642931,0.0
36816124,29662444,0.26652,37388634,0.259249,35132408,0.237736,30770788,0.0
36819220,31022978,0.254169,22053153,0.246026,30094167,0.21828,29487374,0.0
36831837,36325532,0.17854,36960197,0.165275,28983280,0.156941,32642931,0.0
36844653,30716610,0.184538,32760257,0.182072,37028931,0.179997,32642931,0.0
36845415,33339879,0.287895,22131965,0.25,33423129,0.225543,32642931,0.0
36859555,31885539,0.266052,37554464,0.213647,34267632,0.203273,32642931,0.0
36908791,37098498,0.26298,30294257,0.206888,37247471,0.202101,32642931,0.0
36910761,32848662,0.316362,34996499,0.249784,31868310,0.248453,32642931,0.0
36935917,33615612,0.3924,29867402,0.298296,32996647,0.268317,32642931,0.0
36937687,29845006,0.16783,33139709,0.160328,32528262,0.159732,32642931,0.0
36960197,31572296,0.186661,36324652,0.168424,36831837,0.165275,33938163,0.0
36967826,35319666,0.212683,33228525,0.180444,31720106,0.168076,32642931,0.0
36968234,35935423,0.244889,24888510,0.192737,37190541,0.168366,32642931,0.0
36970269,31697640,0.222699,34573269,0.211958,25852529,0.207908,32642931,0.0
36998358,30319377,0.212042,34918164,0.184894,31595015,0.167039,32642931,0.0
37007677,33773165,0.204682,30377073,0.138868,33826184,0.134476,30294257,0.0
37008220,37028931,0.23382,26867499,0.213475,35432784,0.209304,36312016,0.0
37008224,19479053,0.292391,35384392,0.291659,22174802,0.257812,32642931,0.0
37009110,36684846,0.210472,32761343,0.205611,33530043,0.193131,34019590,0.0
37009454,36238945,0.236807,34060682,0.220205,33804090,0.217901,33938163,0.0
37015869,37077276,0.316154,34413723,0.239296,19572020,0.233688,32642931,0.0
37025377,31920587,0.227378,34761123,0.193694,23999082,0.19124,32642931,0.0
37025422,28451633,0.187174,35103356,0.178772,31571320,0.175452,32642931,0.0
37028931,26867499,0.255253,34060682,0.243029,37008220,0.23382,32642931,0.0
37032830,23646178,0.237422,29231140,0.198008,35350559,0.183227,30294257,0.0
37034753,36034114,0.204707,31139470,0.185846,35046525,0.170863,32642931,0.0
37077276,37015869,0.316154,29795642,0.265384,26104102,0.239816,32642931,0.0
37098498,36908791,0.26298,34573183,0.223552,32510342,0.204658,32642931,0.0
37113153,35959244,0.172321,29448128,0.168402,31489136,0.16545,33938163,0.0
37114163,36726504,0.243205,29857719,0.193857,33192967,0.18613,32642931,0.0
37148709,31506704,0.241647,30991617,0.216898,36935917,0.209208,32642931,0.0
37151844,22738335,0.285524,32761343,0.260266,35477020,0.249707,35057421,0.0
37152608,29208951,0.238293,34899156,0.225652,34984762,0.210346,30770788,0.0
37165097,31198419,0.276133,32082138,0.270233,35664889,0.247549,32642931,0.0
37176617,30056292,0.494309,33664643,0.304989,22470337,0.265198,30294257,0.0
37182459,28365777,0.245564,37554464,0.202458,33938163,0.183455,36312016,0.0
37190541,23316178,0.224157,33013296,0.21057,34351976,0.208321,32642931,0.0
37190583,36716655,0.218678,31022978,0.192874,22738335,0.18376,32642931,0.0
37190659,26124712,0.277508,29765312,0.249362,25852510,0.221647,32642931,0.0
37221090,36413209,0.199934,34899211,0.183794,37176617,0.181602,30294257,0.0
37247471,36908791,0.202101,27218420,0.194832,30294257,0.176366,32642931,0.0
37253028,33270131,0.231009,33216427,0.221984,29934675,0.221225,32642931,0.0
37265465,30278046,0.267363,32253455,0.264326,35631206,0.258378,32642931,0.0
37273685,33395999,0.208734,28374005,0.197335,32761343,0.190004,32642931,0.0
37287410,36440757,0.243858,29448128,0.183095,35153786,0.17782,32642931,0.0
37287773,34585141,0.167066,36726504,0.165627,30101060,0.164604,32642931,0.0
37303301,30104338,0.313136,33216127,0.308708,34680538,0.210319,32642931,0.0
37311807,34349186,0.204034,34394339,0.20195,36331125,0.200912,32642931,0.0
37323647,24058350,0.241542,35477020,0.14796,36340775,0.145218,32642931,0.0
37328507,30056292,0.355925,37475742,0.315948,28268177,0.267406,32642931,0.0
37356055,31022978,0.227425,32243055,0.222141,33064332,0.219998,32642931,0.0
37365237,31680823,0.232288,30816252,0.211131,32638450,0.207089,32642931,0.0
37388634,35384549,0.307877,30319395,0.26087,36816124,0.259249,32642931,0.0
37396772,31680931,0.34238,32954337,0.295991,31662425,0.245579,32642931,0.0
37429921,24058350,0.208119,28072415,0.200166,35477020,0.199279,35348614,0.0
37475742,37328507,0.315948,30056292,0.28903,35356196,0.270074,32642931,0.0
37476004,22144982,0.20669,35879595,0.203858,31447762,0.197225,34019590,0.0
37478086,36859555,0.185091,29167455,0.143049,23144799,0.142812,32642931,0.0
37521699,36908791,0.185866,30056292,0.181231,28981837,0.172239,32642931,0.0
37542975,35012965,0.24204,22174802,0.219657,19479053,0.181515,32642931,0.0
37554393,35716023,0.162235,36605827,0.161754,24278150,0.154996,32642931,0.0
37554464,36859555,0.213647,37182459,0.202458,35136959,0.184926,32642931,0.0
37560478,23853676,0.165095,19949484,0.152619,28690501,0.151164,29487374,0.0
37575305,33528852,0.155444,34541537,0.145929,37113153,0.137087,36312016,0.0
37576018,23322456,0.322861,35037743,0.302793,32440590,0.237406,30294257,0.0
